"","fw101","fw000","fw102","fw103","fw104","fw105","fw106","fw107","fw108","fw109","fw110","fw111","fw112","fw113a","fw113b","fw113c","fw113d","fw113e","fw113f","fw113g","fw113h","fw113i","fw113x","fw113y","fw114","fw115","fw116","fw117","fw118"
"1",101,"NG7",1,1,43,2,1,3,2,3,4,1,6,"A","","","D","","","","","","","",4,1,1,1,1
"2",102,"NG7",1,1,42,2,1,2,2,3,4,2,6,"A","","","D","","","","","","","",4,1,1,1,1
"3",103,"NG7",1,1,35,2,6,0,2,3,4,2,6,"A","","","D","","","","","","","",4,2,1,1,1
"4",104,"NG7",15,1,38,1,6,0,2,3,6,2,6,"A","","","D","","","","","","","",4,2,1,1,1
"5",105,"NG7",1,1,30,2,6,0,2,3,4,2,6,"A","","","D","","","","","","","",4,2,2,2,NA
"6",106,"NG7",15,1,39,1,1,0,2,3,8,2,6,"A","","","D","","","","","","","",4,1,1,1,1
"7",107,"NG7",1,1,45,1,1,4,2,3,4,1,6,"A","","","D","","","","","","","",4,1,1,1,1
"8",108,"NG7",1,1,29,2,6,0,2,3,5,2,6,"A","B","","D","","","","","","","",4,2,2,2,NA
"9",109,"NG7",1,1,49,1,1,7,2,3,6,2,6,"A","","","D","","","","","","","",4,2,2,2,NA
"10",201,"NG7",2,1,36,2,6,0,2,3,6,2,96,"A","B","","","","","","","","X","",96,2,1,1,1
"11",202,"NG7",2,2,39,1,1,1,2,3,4,2,96,"A","B","","","","","","","","X","",2,2,1,1,1
"12",203,"NG7",2,1,32,2,1,1,2,3,4,2,96,"A","B","","","","","","","","X","",96,2,1,1,1
"13",204,"NG7",2,2,40,2,1,5,2,3,2,3,96,"A","B","","","","","","","","X","",96,1,1,1,1
"14",205,"NG7",15,1,34,1,1,1,2,3,4,2,96,"A","B","","","","","","H","","X","",96,2,1,1,1
"15",207,"NG7",2,1,37,2,3,0,2,3,2,2,96,"A","B","","","","","","","","X","",96,1,1,1,1
"16",208,"NG7",2,2,33,1,1,0,2,3,4,2,96,"A","B","","","","","","","","X","",2,2,1,1,1
"17",209,"NG7",2,1,47,1,1,1,2,3,7,2,96,"A","B","","","","","","","","X","",96,2,1,2,NA
"18",210,"NG7",2,1,38,1,1,1,2,3,3,1,96,"A","B","","","","","","H","","X","",96,2,1,2,NA
"19",301,"NG7",3,2,36,2,6,0,2,3,4,1,10,"A","","C","","","F","","","","","",3,2,1,1,1
"20",302,"NG7",3,1,48,2,1,1,2,3,6,2,96,"A","","","","","F","","","","","",6,2,1,1,1
"21",303,"NG7",3,2,40,2,1,2,2,3,4,2,4,"A","","","","","F","","","","","",6,2,1,1,1
"22",304,"NG7",3,1,34,1,6,0,2,3,6,2,4,"A","","","","","F","","","","X","",96,2,1,1,2
"23",305,"NG7",3,1,34,2,6,0,2,3,4,2,96,"A","","","","","","","","","X","",96,2,1,1,1
"24",306,"NG7",15,1,30,1,1,0,2,3,4,1,10,"","","","D","","","","","","","",4,2,1,1,1
"25",307,"NG7",3,1,43,1,6,0,2,3,5,1,96,"A","","","","","F","","","","X","",96,2,1,1,1
"26",308,"NG7",3,2,39,2,1,3,2,3,4,2,4,"A","","","","","F","","","","","",6,2,2,2,NA
"27",309,"NG7",3,2,45,2,1,3,2,3,4,2,4,"A","","","","","F","","","","X","",6,1,1,2,NA
"28",401,"NG7",4,1,44,2,1,5,2,3,6,1,6,"A","","","D","","","","","","","",4,2,1,1,1
"29",402,"NG7",4,1,27,1,6,0,2,3,4,2,6,"A","","","D","","","","","","","",4,2,2,2,NA
"30",403,"NG7",15,1,38,2,1,3,2,3,4,2,6,"A","","","D","","","","","","","",4,2,1,1,1
"31",404,"NG7",4,2,39,2,6,0,2,3,4,1,6,"A","","","D","","","","","","","",4,2,2,1,1
"32",405,"NG7",4,1,50,1,1,4,2,3,4,2,6,"A","","","D","","","","","","","",4,2,1,1,1
"33",406,"NG7",4,2,46,2,1,4,2,3,4,1,6,"A","","","D","","","","","","","",4,2,2,1,1
"34",408,"NG7",4,1,53,1,1,3,2,3,4,1,6,"A","","","D","","","","","","","",4,1,1,1,1
"35",410,"NG7",4,1,38,2,1,4,2,3,4,1,6,"A","","","D","","","","","","","",4,2,2,2,NA
"36",411,"NG7",4,2,50,2,1,7,2,3,6,1,6,"A","","","D","","","","","","","",4,2,1,2,NA
"37",501,"NG7",5,1,40,2,6,0,2,3,4,2,96,"A","B","","","","","","","","X","",2,1,1,2,NA
"38",502,"NG7",5,1,38,2,4,0,1,3,4,3,3,"A","B","","","","","","","","","",2,2,1,2,NA
"39",503,"NG7",15,1,35,1,1,2,2,3,4,3,2,"A","B","","","","","","H","","","",2,2,1,1,1
"40",504,"NG7",5,2,34,1,6,0,2,3,4,2,96,"A","B","","","","","","","","","",2,2,1,1,1
"41",505,"NG7",5,1,28,2,1,2,2,3,3,3,3,"A","B","","","","","","","","","",2,2,2,2,NA
"42",506,"NG7",5,1,49,2,1,2,1,3,5,2,96,"A","B","","","","","","","","X","",96,1,1,2,NA
"43",507,"NG7",5,2,48,1,1,6,2,3,2,3,3,"A","B","","","","","","","","","",2,1,1,1,1
"44",508,"NG7",5,1,48,1,1,5,1,3,4,3,96,"A","B","","","","","","","","","",2,2,1,2,NA
"45",509,"NG7",5,2,32,2,1,3,2,3,3,3,3,"A","B","","","","","","","","","",2,2,1,2,NA
"46",601,"NG7",6,1,40,2,1,5,2,3,6,2,7,"A","","","","","","","","","X","",96,2,2,1,1
"47",602,"NG7",6,1,53,1,1,4,2,3,4,1,6,"A","B","","D","","","","","","X","",4,2,2,2,NA
"48",603,"NG7",6,1,37,1,1,3,2,3,5,2,7,"A","","","","","","","","","X","",96,2,2,2,NA
"49",604,"NG7",6,2,43,2,5,1,1,3,4,2,7,"A","","","","","","","","","X","",96,1,2,1,1
"50",605,"NG7",3,1,40,2,5,2,2,3,4,1,4,"A","","","","","F","","","","X","",6,2,1,1,2
"51",606,"NG7",6,1,43,2,1,7,2,3,4,2,7,"A","","","","","","","","","X","",96,2,2,1,1
"52",607,"NG7",6,2,42,2,4,1,1,3,4,2,7,"A","","","","","","","","","X","",96,1,1,1,1
"53",608,"NG7",15,1,26,1,6,0,1,3,7,2,7,"A","","","","","","","","","X","",1,2,2,1,1
"54",609,"NG7",6,1,47,2,6,0,2,3,8,2,7,"A","","C","","","","","","","X","",3,2,1,2,NA
"55",610,"NG7",6,1,40,1,1,2,2,3,6,2,7,"A","","","","","","","","","X","",96,2,2,2,NA
"56",701,"NG7",15,1,33,2,1,1,2,3,4,2,96,"A","","","","","","","","","X","",96,2,1,1,1
"57",702,"NG7",7,2,32,1,6,0,2,3,4,2,96,"A","","","","","","","","","X","",96,2,1,2,NA
"58",703,"NG7",15,1,35,1,6,0,2,3,6,1,96,"A","B","","D","","","","","","X","",96,2,1,1,1
"59",704,"NG7",7,2,32,2,6,0,2,3,6,2,96,"A","B","","","","","","","","X","",96,2,1,2,NA
"60",705,"NG7",7,2,38,2,6,0,2,3,4,1,9,"A","","","","","","","","","X","",96,2,1,1,1
"61",706,"NG7",7,3,35,2,1,5,2,3,3,2,96,"A","","","","","","","","","X","",96,2,2,1,1
"62",707,"NG7",15,1,42,1,1,3,2,3,6,2,96,"A","B","","","","","","","","X","",96,2,1,1,1
"63",708,"NG7",7,2,36,1,1,4,2,3,2,1,96,"A","","","","","","","","","X","",96,2,2,2,NA
"64",709,"NG7",7,2,56,2,3,5,1,3,1,2,9,"A","","","","","","","","","X","",96,2,2,2,NA
"65",801,"NG7",8,1,50,2,1,1,1,3,4,3,8,"A","B","","","","","","","I","","",9,1,1,1,1
"66",802,"NG7",8,1,40,1,1,4,2,3,4,3,3,"A","B","","","","","","","I","","",2,1,1,1,2
"67",803,"NG7",8,1,40,2,1,5,2,3,4,3,96,"A","B","","","","","","","I","","",2,1,1,1,1
"68",804,"NG7",8,1,29,2,6,0,2,3,4,3,8,"A","B","","","","","","","I","","",9,2,2,2,NA
"69",805,"NG7",8,1,34,1,1,4,2,3,3,3,8,"A","B","","","","","","","I","","",9,1,1,2,NA
"70",806,"NG7",8,1,37,2,1,0,2,3,2,3,8,"A","B","","","","","","","I","","",9,1,1,2,NA
"71",807,"NG7",8,1,43,1,1,3,1,3,4,3,96,"A","B","","","","","","","I","X","",96,1,1,1,1
"72",808,"NG7",8,1,58,1,1,4,2,3,4,3,8,"A","B","","","","","","","I","","",9,2,1,2,NA
"73",809,"NG7",8,1,32,1,1,0,1,3,3,3,8,"A","B","","","","","","","I","","",9,2,2,2,NA
"74",901,"NG7",15,1,36,2,6,0,2,3,4,1,6,"A","","","D","","","","","","X","",4,2,1,1,1
"75",902,"NG7",9,1,38,1,1,1,2,3,4,1,96,"A","B","C","","","","G","","","X","",7,2,1,1,1
"76",903,"NG7",25,1,31,1,6,0,2,3,4,2,6,"A","","","D","","","","","","","",4,2,1,1,1
"77",904,"NG7",9,1,44,2,1,2,2,3,6,2,96,"A","","","","","F","","","","X","",96,1,1,2,NA
"78",905,"NG7",9,1,34,2,5,0,2,3,6,1,1,"A","","","","","","","","","X","",96,2,1,1,1
"79",906,"NG7",9,1,36,2,1,2,2,3,4,2,1,"A","","","","","","","","","X","",96,2,1,1,1
"80",907,"NG7",15,1,35,1,1,2,2,3,2,2,96,"A","","C","D","","","","","","X","",96,1,2,1,1
"81",908,"NG7",9,2,32,1,6,0,2,3,5,2,96,"A","","","","","","","","","X","",96,2,1,2,NA
"82",909,"NG7",9,2,52,2,1,4,2,3,4,1,1,"A","","","","","","","","","X","",96,2,2,2,NA
"83",1001,"NG7",15,2,34,2,1,1,2,3,4,2,6,"A","","","D","","","","","","","",4,1,1,2,NA
"84",1002,"NG7",15,1,32,1,1,1,2,3,6,2,6,"A","","","D","","","","","","","",4,2,1,1,1
"85",1003,"NG7",12,1,34,2,6,0,2,3,4,1,96,"A","","","","","","G","","","","",7,2,1,2,NA
"86",1004,"NG7",10,2,44,2,1,5,2,3,4,2,6,"A","","","D","","","","","","","",4,2,1,1,1
"87",1005,"NG7",15,1,33,1,6,0,2,3,5,1,6,"A","","","D","","","","","","","",4,2,1,1,1
"88",1006,"NG7",10,2,47,2,1,4,2,3,2,2,96,"A","","","","","","","","","X","",96,2,2,1,1
"89",1007,"NG7",10,2,56,1,1,3,2,3,4,1,96,"A","","","","","","","","","X","",96,1,1,1,1
"90",1008,"NG7",10,2,36,1,1,1,2,3,5,2,96,"A","","","","E","","","","","X","",5,2,2,2,NA
"91",1009,"NG7",10,2,50,2,6,0,2,3,3,2,6,"A","","","D","","","","","","","",4,2,1,2,NA
"92",1101,"NG7",11,1,37,2,1,0,2,3,4,2,6,"A","","","D","","","","","","","",4,1,1,1,1
"93",1102,"NG7",11,2,34,1,6,0,2,3,4,1,6,"A","","","D","","","","","","","",4,2,1,1,1
"94",1103,"NG7",11,3,31,2,6,0,2,3,4,1,6,"A","","","D","","","","","","","",4,2,1,1,1
"95",1104,"NG7",11,1,29,1,6,0,2,3,4,2,6,"A","","","D","","","","","","","",4,1,1,2,NA
"96",1105,"NG7",11,2,38,2,1,4,2,3,4,2,6,"A","","","D","","","","","","","",4,2,2,1,1
"97",1106,"NG7",11,1,45,2,6,6,2,3,5,2,6,"A","","","D","","","","","","","",4,2,1,1,1
"98",1107,"NG7",11,2,60,2,6,0,2,3,4,2,6,"A","","","D","","","","","","","",4,1,2,2,NA
"99",1108,"NG7",15,1,54,1,1,4,1,3,0,1,6,"A","","","D","","","","","","","",4,2,1,1,1
"100",1109,"NG7",11,1,38,2,6,0,2,3,5,1,6,"A","","","D","","","","","","","",4,2,1,2,NA
"101",1110,"NG7",11,1,28,2,6,0,2,3,5,2,6,"A","","","D","","","","","","","",4,2,1,2,NA
"102",1201,"NG7",12,1,35,2,1,3,2,3,4,1,96,"A","","","","E","","G","","","","",5,2,1,1,1
"103",1202,"NG7",12,1,42,2,1,3,2,3,4,2,96,"A","","","","","","G","","","","",7,2,1,1,1
"104",1203,"NG7",12,1,23,1,6,0,2,3,4,1,96,"A","","","","","","G","","","","",7,2,2,2,NA
"105",1204,"NG7",12,1,36,1,6,0,2,3,4,2,10,"A","","C","","","","","","","","",3,2,1,1,1
"106",1205,"NG7",12,1,31,2,6,0,2,3,4,1,96,"A","","","","","","","","","","",1,2,1,1,1
"107",1206,"NG7",15,2,31,2,1,2,2,3,4,1,96,"A","","","","","","G","","","","",7,2,1,1,1
"108",1207,"NG7",15,1,46,1,1,2,2,3,4,1,6,"A","","","D","","","","","","","",4,1,1,1,1
"109",1208,"NG7",12,1,37,1,1,1,2,3,6,2,96,"A","","","","","","G","","","","",7,2,1,2,NA
"110",1209,"NG7",12,1,34,2,1,3,2,3,7,2,96,"A","","","","","","G","","","","",7,2,1,2,NA
"111",1301,"NG7",13,2,35,2,1,2,2,3,4,2,10,"A","","C","","","","","","","","",3,1,1,1,1
"112",1302,"NG7",13,1,31,2,6,0,2,3,4,2,10,"A","","C","","","","","","","","",3,2,1,1,2
"113",1303,"NG7",15,1,31,1,6,0,2,3,4,2,10,"A","","C","","","","","","","","",3,2,1,2,NA
"114",1304,"NG7",13,1,50,2,1,3,2,3,3,2,10,"A","","C","","","","","","","X","",3,2,1,1,1
"115",1305,"NG7",13,1,42,2,1,4,2,3,4,2,10,"A","B","C","","","","","","","","",3,1,1,1,1
"116",1306,"NG7",31,1,38,1,1,1,2,3,6,2,10,"A","","C","","","","","","","","",3,2,2,2,NA
"117",1307,"NG7",13,2,53,1,1,2,1,3,4,1,10,"A","","C","","","","","","","","",3,1,1,1,1
"118",1308,"NG7",13,1,40,1,1,3,2,3,5,2,10,"A","","C","","","","","","","","",3,2,1,2,NA
"119",1309,"NG7",13,2,33,2,4,1,2,3,5,2,10,"A","","C","","","","","","","","",3,2,1,2,NA
"120",1401,"NG7",15,1,48,2,6,0,2,3,5,2,6,"A","","","D","","","","","","","",4,1,1,1,1
"121",1402,"NG7",14,1,40,2,1,3,2,3,4,2,6,"A","","","D","","","","","","","",4,1,1,1,1
"122",1403,"NG7",14,1,29,1,6,0,2,3,4,2,6,"A","","","D","","","","","","","",4,2,2,2,NA
"123",1404,"NG7",15,1,33,1,6,0,2,3,6,2,6,"A","","","D","","","","","","","",4,1,1,1,1
"124",1405,"NG7",4,2,40,2,1,1,2,3,4,2,6,"A","","","D","","","","","","","",4,1,1,1,1
"125",1406,"NG7",15,1,34,2,6,0,2,3,4,1,6,"A","","","D","","","","","","","",4,1,1,2,NA
"126",1407,"NG7",14,1,32,2,6,0,2,3,4,2,6,"A","","","D","","","","","","","",4,2,2,1,1
"127",1408,"NG7",15,1,47,1,1,4,2,3,6,2,6,"A","","","D","","","","","","","",4,1,1,1,1
"128",1409,"NG7",14,1,48,1,1,1,2,3,4,2,6,"A","","","D","","","","","","","",4,2,1,2,NA
"129",1410,"NG7",14,1,41,2,1,2,2,3,0,1,6,"A","","","D","","","","","","","",4,2,2,2,NA
"130",1501,"NG7",15,2,44,2,1,4,2,3,5,1,38,"A","B","C","","","","","","","","",4,1,1,1,1
"131",1502,"NG7",15,2,34,1,1,2,2,3,4,2,5,"A","","","","","","","","","X","",96,2,1,1,1
"132",1503,"NG7",15,2,40,1,1,3,2,3,4,2,96,"A","B","","","","","","","","","",96,2,1,1,1
"133",1504,"NG7",15,1,40,2,1,0,1,3,4,3,3,"A","B","","","","","","","","X","",2,1,1,1,1
"134",1505,"NG7",15,2,36,2,6,0,2,3,4,1,6,"A","","","D","","","","","","","",4,2,1,1,1
"135",1506,"NG7",26,1,38,2,1,4,2,3,4,1,6,"A","","","D","","","","","","","",4,2,1,1,1
"136",1507,"NG7",15,1,44,1,1,4,2,3,6,3,83,"A","B","","","","","","","","","",96,1,1,1,1
"137",1508,"NG7",15,1,33,2,6,0,2,3,6,2,3,"A","B","","","","","","","","X","",96,2,1,1,1
"138",1509,"NG7",15,1,49,1,1,3,2,3,7,2,10,"A","B","C","","","","","","","","",3,2,1,2,NA
"139",1510,"NG7",15,2,51,2,1,3,2,3,4,2,9,"","","","","","","","","","X","",96,2,1,2,NA
"140",1601,"NG7",16,1,38,2,1,2,2,3,6,2,96,"A","B","","","","","","","","X","",2,2,1,1,1
"141",1602,"NG7",16,2,42,2,6,0,2,3,4,1,96,"A","B","","","","","","","","X","",96,1,1,2,NA
"142",1603,"NG7",16,2,39,2,1,5,2,3,2,3,96,"A","B","","","","","","","","X","",96,2,1,1,1
"143",1604,"NG7",16,1,29,1,1,0,2,3,4,3,2,"A","B","","","","","","H","","","",8,2,1,2,NA
"144",1605,"NG7",16,2,43,2,3,4,1,3,2,3,96,"A","B","","","","","","","","X","",96,1,1,2,NA
"145",1606,"NG7",16,2,42,1,1,1,2,3,2,3,2,"A","B","","","","","","H","","","",8,1,1,1,2
"146",1607,"NG7",16,1,46,1,1,6,2,3,4,2,96,"A","B","","","","","","","","X","",96,1,1,1,1
"147",1608,"NG7",16,1,31,1,1,1,2,3,5,3,2,"A","B","","","","","","H","","","",8,2,2,2,NA
"148",1609,"NG7",16,1,44,1,1,6,2,3,5,3,2,"A","B","","","","","","H","","","",8,2,1,2,NA
"149",1701,"NG7",17,1,33,2,6,1,2,3,6,1,6,"A","","","D","","","","","","","",4,2,1,1,1
"150",1702,"NG7",17,2,34,1,1,0,2,3,4,1,6,"A","","","D","","","","","","","",4,2,1,1,1
"151",1703,"NG7",15,1,24,2,6,0,2,3,4,2,6,"A","","","D","","","","","","","",4,2,2,2,NA
"152",1704,"NG7",15,1,46,1,1,4,2,3,4,1,6,"A","B","C","D","","","","","","","",4,2,1,1,1
"153",1705,"NG7",17,1,35,2,1,1,2,3,4,2,6,"A","","","D","","","","","","","",4,1,1,1,1
"154",1706,"NG7",17,1,38,2,1,3,2,3,4,2,6,"A","","C","D","","","","","","","",4,1,1,2,NA
"155",1707,"NG7",17,2,49,2,3,6,2,3,4,2,6,"A","","","D","","","","","","","",4,2,1,2,NA
"156",1708,"NG7",17,1,43,1,1,3,2,3,4,1,6,"A","","","D","","","","","","","",4,1,1,1,1
"157",1709,"NG7",17,2,57,1,1,5,1,2,5,2,6,"A","","","D","","","","","","","",4,2,1,2,NA
"158",1710,"NG7",17,2,40,2,1,4,2,3,4,2,6,"A","","","D","","","","","","","",4,2,1,2,NA
"159",1801,"NG7",18,2,42,2,5,0,2,3,6,2,3,"A","B","","","","","","","","X","",96,1,1,1,1
"160",1802,"NG7",18,2,33,2,1,1,2,3,3,2,10,"A","B","C","","","","","","","","",3,2,1,1,1
"161",1803,"NG7",18,1,35,2,4,3,2,3,3,3,3,"A","B","","","","","","","","","",2,2,1,2,NA
"162",1804,"NG7",18,2,30,2,1,1,2,3,4,3,3,"A","B","","","","","","","","","",2,2,1,1,1
"163",1805,"NG7",18,1,26,1,6,0,2,3,4,3,3,"A","B","","","","","","","","","",2,2,1,2,NA
"164",1806,"NG7",20,1,26,1,6,0,2,3,4,3,3,"A","B","","","","","","","","","",2,2,1,2,NA
"165",1807,"NG7",18,2,42,1,1,7,1,3,2,3,3,"A","B","","","","","","","","","",2,2,1,1,1
"166",1808,"NG7",18,2,45,1,1,10,2,3,5,3,2,"A","B","","","","","","","","","",2,2,1,2,NA
"167",1809,"NG7",18,2,27,1,6,0,2,3,3,3,3,"A","B","","","","","","","","","",2,2,2,2,NA
"168",1901,"NG7",19,1,35,2,6,1,2,3,4,1,9,"A","B","","D","","","","","","","",4,2,1,1,1
"169",1902,"NG7",19,1,45,2,1,3,2,3,2,3,3,"A","B","","","","","","","I","","",9,1,1,1,1
"170",1903,"NG7",32,1,28,1,6,0,2,3,5,3,3,"A","B","","","","","","","","","",2,2,1,2,NA
"171",1904,"NG7",19,1,45,2,1,3,2,3,2,2,96,"A","B","","","","","","","","","",96,1,1,1,1
"172",1905,"NG7",19,1,30,2,1,1,2,3,4,3,2,"A","B","","","","","","","","","",2,2,1,2,NA
"173",1907,"NG7",19,2,44,1,1,4,1,3,4,3,3,"A","B","","","","","","","","X","",2,1,1,1,1
"174",1908,"NG7",19,1,43,1,1,6,2,3,4,3,3,"A","B","","","","","","","","","",2,1,1,1,1
"175",1909,"NG7",19,2,41,2,1,3,2,3,5,2,96,"A","B","C","","","","","","","X","",96,2,1,2,NA
"176",1910,"NG7",19,1,31,1,1,0,2,3,5,3,3,"A","B","","","","","","","","","",2,2,2,2,NA
"177",2001,"NG7",20,1,49,2,1,3,1,3,4,3,3,"A","B","","","","","","","","","",2,1,1,1,1
"178",2002,"NG7",20,1,29,1,1,1,2,3,4,3,3,"A","B","","","","","","","","","",2,2,2,2,NA
"179",2003,"NG7",20,1,39,2,4,0,1,3,4,3,3,"A","B","","","","","","","","","",2,1,1,2,NA
"180",2004,"NG7",20,1,40,2,1,1,2,3,4,3,3,"A","B","","","","","","","","","",2,2,2,1,1
"181",2005,"NG7",20,1,45,2,3,1,2,3,4,3,2,"A","B","","","","","","H","","","",8,2,1,2,NA
"182",2006,"NG7",15,2,36,1,1,1,2,3,4,3,3,"A","B","","","","","","","","","",2,2,2,2,NA
"183",2008,"NG7",20,1,40,1,1,3,2,3,4,3,3,"A","B","","","","","","","","","",2,2,1,1,2
"184",2009,"NG7",20,1,43,1,1,2,2,3,5,3,3,"A","B","","","","","","","","","",2,2,2,2,NA
"185",2010,"NG7",20,1,30,2,1,1,2,3,0,3,3,"A","B","","","","","","","","","",2,2,2,2,NA
"186",2101,"NG7",20,1,23,2,6,0,2,3,4,3,2,"A","B","","","","","","H","","","",8,2,1,2,NA
"187",2102,"NG7",21,2,32,1,6,0,2,3,2,3,3,"A","B","","","","","","","","","",2,2,1,1,1
"188",2103,"NG7",21,1,40,2,1,1,1,3,3,2,3,"A","B","","","","","","","","","",2,2,1,1,1
"189",2104,"NG7",21,2,29,2,1,0,2,3,4,3,3,"A","B","","","","","","","","","",2,2,1,2,NA
"190",2105,"NG7",15,1,43,1,1,1,2,3,4,3,2,"A","B","","","","","","H","","","",8,2,1,1,1
"191",2106,"NG7",21,1,49,2,1,5,1,3,3,3,3,"A","B","","","","","","","","","",2,1,1,2,NA
"192",2107,"NG7",21,2,35,1,1,2,2,3,4,3,3,"A","B","C","","","","","","","","",2,2,1,1,1
"193",2108,"NG7",21,1,36,1,1,1,2,3,7,2,3,"A","B","","","","","","","","","",2,2,2,2,NA
"194",2109,"NG7",21,2,31,1,1,2,2,3,5,3,2,"A","B","","","","","","","","","",2,2,2,2,NA
"195",2201,"NG7",15,1,34,2,1,0,2,3,5,3,10,"A","B","C","","","","","","","","",3,1,1,2,NA
"196",2202,"NG7",22,2,47,2,1,4,1,3,3,3,2,"A","B","","","","","","H","","","",8,1,1,2,NA
"197",2203,"NG7",22,2,30,2,6,0,2,3,4,3,3,"A","B","C","","","","","","","","",2,2,1,2,NA
"198",2204,"NG7",22,2,53,1,1,13,1,2,6,3,3,"A","B","","","","","","","","","",2,2,1,1,1
"199",2205,"NG7",22,1,30,2,1,2,1,3,3,3,3,"A","B","","","","","","","","","",2,2,2,1,1
"200",2206,"NG7",22,2,45,1,1,8,1,3,3,3,3,"A","B","","","","","","","","","",2,2,1,1,1
"201",2207,"NG7",19,1,44,1,1,4,2,3,3,3,3,"A","B","","","","","","H","","","",8,2,2,2,NA
"202",2208,"NG7",15,1,49,1,1,5,2,3,2,3,2,"A","B","","","","","","H","","","",8,2,1,1,1
"203",2209,"NG7",22,2,37,1,1,4,2,3,8,3,96,"A","B","","","","","","","","X","",96,2,2,2,NA
"204",2210,"NG7",22,2,28,2,6,0,2,3,3,3,3,"A","B","","","","","","","","","",2,2,1,2,NA
"205",2301,"NG7",23,1,44,2,1,3,2,3,4,2,10,"A","","C","","","","","","","","",3,2,1,2,NA
"206",2302,"NG7",23,1,42,1,1,3,2,3,4,2,5,"A","B","","","","","","","","X","",96,2,1,1,1
"207",2303,"NG7",23,2,47,1,2,4,2,3,6,3,96,"A","B","","","","","","","","","",96,2,1,1,1
"208",2304,"NG7",15,2,29,2,6,0,2,3,4,1,96,"A","B","","","","","","","","X","",96,2,2,2,NA
"209",2305,"NG7",15,2,36,2,1,2,2,3,3,2,96,"A","","C","","","","","","","X","",96,2,1,1,1
"210",2306,"NG7",23,1,35,2,1,3,2,3,4,3,5,"A","B","","","","","","","","","",96,2,1,1,1
"211",2307,"NG7",23,2,49,1,1,3,2,3,4,3,83,"A","","","","","","","","","","",96,2,1,1,1
"212",2308,"NG7",23,2,38,1,1,3,1,3,5,2,10,"","","C","","","","","","","X","",3,2,2,2,NA
"213",2309,"NG7",23,1,36,2,1,4,2,3,4,2,5,"A","","","","","","","","","X","",96,2,1,2,NA
"214",2401,"NG7",24,1,42,2,1,4,2,3,4,3,10,"A","","C","","","","","","","","",3,1,1,1,1
"215",2402,"NG7",24,1,29,2,1,2,2,3,4,3,10,"A","B","C","","","","","","","","",3,2,1,1,1
"216",2403,"NG7",24,1,45,2,1,4,2,3,4,3,10,"A","","C","","","","","","","","",3,1,1,1,1
"217",2404,"NG7",25,1,25,2,6,0,2,3,4,2,10,"A","","C","","","","","","","","",3,2,2,2,NA
"218",2405,"NG7",24,2,37,1,1,3,2,3,4,2,10,"A","","C","","","","","","","","",3,2,1,1,1
"219",2406,"NG7",15,1,37,1,1,3,2,3,4,3,10,"A","","C","","","","","","","","",3,2,1,1,1
"220",2407,"NG7",15,1,53,1,1,6,2,3,4,3,10,"A","","C","","","","","","","","",3,2,1,1,1
"221",2408,"NG7",24,1,25,2,6,0,2,3,5,2,10,"A","","C","","","","","","","","",3,2,1,2,NA
"222",2409,"NG7",24,1,50,2,3,4,2,3,7,2,10,"A","","C","","","","","","","","",3,2,1,2,NA
"223",2501,"NG7",25,1,35,2,1,2,2,3,5,2,10,"A","","C","","","","","","","","",3,2,1,1,1
"224",2502,"NG7",31,1,26,2,6,0,2,3,6,2,10,"A","","C","","","","","","","","",3,2,2,2,NA
"225",2503,"NG7",25,1,43,2,1,2,2,3,4,2,10,"A","","C","","","","","","","","",3,2,1,1,1
"226",2504,"NG7",25,1,34,1,1,2,2,3,6,3,10,"A","","C","","","","","","","","",3,1,1,1,1
"227",2505,"NG7",4,1,28,2,6,0,2,3,4,2,5,"A","","","D","","","","","","X","",1,2,1,2,NA
"228",2506,"NG7",31,1,36,1,6,0,2,3,4,2,10,"A","","C","","","","","","","","",3,2,2,2,NA
"229",2507,"NG7",28,1,39,2,5,2,2,3,2,2,10,"A","","C","","","","","","","","",3,1,1,1,1
"230",2508,"NG7",25,1,43,1,1,1,2,3,5,2,10,"A","","C","","","","","","","","",3,1,1,1,1
"231",2509,"NG7",25,1,40,2,1,2,2,3,5,3,10,"A","","C","","","","","","","","",3,2,2,2,NA
"232",2510,"NG7",25,1,27,2,6,0,2,3,7,2,10,"A","","C","","","","","","","","",3,2,2,2,NA
"233",2601,"NG7",26,2,29,2,6,0,2,3,4,2,96,"A","B","","","","","","","","X","",96,1,1,1,1
"234",2602,"NG7",37,2,53,2,3,4,1,3,3,3,3,"A","B","C","","","","","","","","",2,1,1,2,NA
"235",2603,"NG7",15,1,36,1,1,3,2,3,4,3,3,"A","B","","","","","","","","X","",2,1,1,1,1
"236",2604,"NG7",26,2,36,2,1,1,2,3,4,3,3,"A","B","","","","","","","","","",2,2,1,1,1
"237",2605,"NG7",15,1,40,2,1,3,2,3,2,2,5,"A","B","C","","","","","","","","",96,2,1,1,1
"238",2606,"NG7",26,2,49,1,1,2,2,3,4,2,96,"A","B","","","","","","","","X","",96,1,1,1,1
"239",2607,"NG7",26,2,45,1,1,3,2,3,4,2,96,"A","B","","","","","","","","","",96,1,1,1,1
"240",2608,"NG7",26,1,46,2,1,5,1,3,7,3,3,"A","B","","","","","","","","","",2,2,2,2,NA
"241",2609,"NG7",26,2,42,2,1,0,1,3,4,2,96,"A","B","","","","","","","","X","",96,2,2,2,NA
"242",2701,"NG7",15,1,32,2,1,1,2,3,4,2,96,"A","B","","","","","","","","X","",96,1,1,1,1
"243",2702,"NG7",15,2,29,1,1,0,2,3,4,3,96,"A","B","","","","","","","","","",96,2,2,1,1
"244",2703,"NG7",27,1,29,2,1,2,2,3,4,3,96,"A","B","","","","","","","","X","",96,2,1,1,1
"245",2704,"NG7",15,1,29,1,6,0,2,3,4,3,3,"A","B","","","","","","H","","","",2,2,1,2,NA
"246",2705,"NG7",27,1,30,2,1,1,2,3,4,1,96,"A","B","","","","","","","","X","",96,2,1,1,1
"247",2706,"NG7",26,2,26,2,1,0,2,3,3,3,8,"A","B","","","","","","","I","","",2,2,1,2,NA
"248",2707,"NG7",15,2,48,1,1,12,1,3,4,3,96,"","","","","","","","","","X","",96,2,1,1,1
"249",2708,"NG7",27,2,46,1,1,5,1,3,4,3,3,"A","B","","","","","","","","","",2,1,1,2,NA
"250",2709,"NG7",27,2,48,1,1,6,2,3,5,3,3,"A","B","","","","","","","","","",96,2,1,2,NA
"251",2710,"NG7",27,2,50,2,1,5,2,3,2,3,3,"A","B","","","","","","","","","",2,2,1,2,NA
"252",2801,"NG7",28,1,52,2,1,3,2,3,5,2,10,"A","","C","","","","","","","","",3,1,1,1,1
"253",2802,"NG7",15,1,33,1,1,1,2,3,4,2,10,"A","","C","","","","","","","","",3,2,1,2,NA
"254",2803,"NG7",25,2,25,1,5,0,2,3,4,2,10,"A","","C","","","","","","","","",3,2,1,2,NA
"255",2804,"NG7",28,2,49,2,1,2,2,3,3,3,10,"A","","C","","","","","","","","",3,2,1,1,1
"256",2805,"NG7",28,1,31,2,1,2,2,3,6,2,10,"A","","C","","","","","","","","",3,2,1,1,1
"257",2806,"NG7",15,1,36,2,1,2,2,3,4,2,10,"A","","C","","","","","","","","",3,2,1,1,1
"258",2807,"NG7",28,1,53,1,1,3,2,3,4,1,10,"A","","C","","","","","","","","",3,1,1,1,1
"259",2808,"NG7",28,2,42,1,1,3,2,3,5,2,10,"A","","C","","","","","","","","",3,2,1,2,NA
"260",2809,"NG7",28,2,34,2,1,2,2,3,4,2,10,"A","","C","","","","","","","","",3,2,1,2,NA
"261",2901,"NG7",9,2,37,2,1,0,2,3,4,2,10,"A","","C","","","","","","","","",3,1,1,1,1
"262",2902,"NG7",29,1,33,1,6,0,2,3,4,2,10,"A","","C","","","","","","","","",3,2,1,1,1
"263",2903,"NG7",29,1,32,2,1,3,2,3,4,3,10,"A","","C","","","","","","","","",3,2,2,2,NA
"264",2904,"NG7",29,1,34,1,1,0,2,3,4,2,10,"A","","C","","","","","","","","",3,2,1,2,NA
"265",2905,"NG7",29,1,50,2,1,1,2,3,5,2,10,"A","","C","","","","","","","","",3,1,1,1,1
"266",2906,"NG7",29,1,41,2,6,0,2,3,5,3,10,"A","","C","","","","","","","","",3,2,1,1,1
"267",2907,"NG7",15,1,57,1,1,2,2,3,4,2,10,"A","","C","","","","","","","","",3,2,1,1,1
"268",2908,"NG7",29,1,38,1,1,3,2,3,1,2,10,"A","","C","","","","","","","","",3,2,1,2,NA
"269",2909,"NG7",29,1,32,2,1,3,2,3,1,2,10,"A","","C","","","","","","","","",3,2,2,2,NA
"270",3001,"NG7",30,1,44,2,1,3,2,3,4,3,10,"A","","C","","","","","","","","",3,1,1,1,1
"271",3002,"NG7",30,1,43,2,3,3,2,3,4,2,10,"A","","C","","","","","","","","",3,2,1,1,1
"272",3003,"NG7",15,1,25,1,6,0,1,3,4,2,10,"A","","C","","","","","","","","",3,2,1,1,2
"273",3004,"NG7",15,1,33,2,1,1,2,3,6,2,10,"A","","C","","","","","","","","",3,2,1,1,1
"274",3005,"NG7",31,1,37,2,1,4,2,3,4,2,10,"A","","C","","","","","","","","",3,2,1,2,NA
"275",3006,"NG7",31,1,31,1,1,1,2,3,4,2,10,"A","","C","","","","","","","","",3,2,2,2,NA
"276",3007,"NG7",30,1,39,1,1,3,2,3,4,2,10,"A","","C","","","","","","","","",3,2,1,1,1
"277",3008,"NG7",30,1,40,1,1,3,2,3,10,1,10,"A","","C","","","","","","","","",3,2,1,2,NA
"278",3009,"NG7",30,2,40,2,1,2,2,3,3,2,10,"A","","C","","","","","","","","",3,2,2,2,NA
"279",3101,"NG7",31,1,31,2,1,2,2,3,4,2,10,"A","","C","","","","","","","","",3,1,1,1,1
"280",3102,"NG7",31,1,35,1,1,3,2,3,4,2,10,"A","","C","","","","","","","","",3,2,1,1,1
"281",3103,"NG7",31,2,30,1,6,0,2,3,5,2,10,"A","","C","","","","","","","","",3,2,2,2,NA
"282",3104,"NG7",31,1,41,2,1,4,2,3,10,2,10,"A","","C","","","","","","","","",3,1,1,1,1
"283",3105,"NG7",31,1,33,2,6,0,2,3,4,2,10,"A","","C","","","","","","","","",3,2,1,1,1
"284",3106,"NG7",31,1,33,2,1,2,2,3,4,2,10,"A","","C","","","","","","","","",3,2,2,2,NA
"285",3107,"NG7",29,2,34,2,6,0,2,3,4,2,10,"A","","C","","","","","","","","",3,2,1,2,NA
"286",3108,"NG7",31,1,47,1,1,4,2,3,5,1,10,"A","","C","","","","","","","","",3,2,1,1,1
"287",3109,"NG7",31,1,40,1,1,3,2,3,5,2,10,"A","","C","","","","","","","","",3,1,1,2,NA
"288",3110,"NG7",31,1,49,2,1,4,2,3,4,2,10,"A","","C","D","","","","","","","",4,2,1,2,NA
"289",3201,"NG7",16,1,36,2,6,0,2,3,5,2,96,"A","B","","","","","","","","X","",96,1,1,1,1
"290",3202,"NG7",32,1,37,2,1,0,2,3,6,1,96,"A","B","C","","","","","","","X","",96,2,1,1,1
"291",3203,"NG7",32,1,32,2,1,3,2,3,3,1,96,"A","B","","","","","","","","","",96,2,1,1,1
"292",3204,"NG7",32,1,43,2,3,2,2,3,5,2,96,"A","B","","","","","","","","X","",96,1,1,1,1
"293",3205,"NG7",15,1,41,1,1,2,2,3,6,2,5,"A","","","","","","","","","","",96,2,1,1,1
"294",3206,"NG7",32,1,32,1,1,2,2,3,3,2,96,"A","B","","","","","","","","X","",96,2,1,1,1
"295",3207,"NG7",32,2,46,1,1,4,1,3,2,2,96,"A","B","","","","","","","","","",96,1,1,1,1
"296",3208,"NG7",32,2,51,1,2,3,2,3,5,2,96,"","","","","","","","","","X","",96,2,1,2,NA
"297",3209,"NG7",32,2,33,2,6,0,2,3,3,2,96,"","","","","","","","","","X","",96,2,1,2,NA
"298",3301,"NG7",15,1,35,2,6,0,2,3,6,2,6,"A","","","D","","","","","","","",4,2,2,1,1
"299",3302,"NG7",33,1,33,1,6,0,2,3,4,1,6,"A","B","","D","","","","","","","",4,1,2,1,1
"300",3303,"NG7",33,1,44,2,3,1,2,3,4,2,7,"A","","","D","","","","","","X","",96,1,1,1,1
"301",3304,"NG7",33,1,43,2,4,0,2,3,4,2,7,"A","","C","","","","","","","X","",96,1,1,1,1
"302",3305,"NG7",33,1,34,1,1,1,2,3,5,2,96,"A","","","","","","","","","X","",96,2,1,1,1
"303",3306,"NG7",33,1,56,2,1,1,2,3,4,2,96,"A","","","","","F","","","","X","",96,2,1,1,1
"304",3307,"NG7",33,2,54,1,1,6,1,3,4,2,96,"A","","","D","","","","","","X","",96,1,1,1,1
"305",3308,"NG7",33,1,38,2,1,3,2,3,5,2,7,"A","","","D","","","","","","","",4,2,1,2,NA
"306",3309,"NG7",33,1,54,2,1,2,2,3,5,2,7,"A","","","","","","","","","X","",96,2,2,2,NA
"307",3401,"NG7",15,1,31,2,6,0,2,3,5,2,96,"A","B","","","","","","","","","",96,1,1,1,2
"308",3402,"NG7",15,3,32,1,6,0,2,3,4,2,96,"A","B","","","","","","","","X","",96,2,1,1,1
"309",3403,"NG7",34,2,33,2,6,0,2,3,3,3,3,"A","B","","","","","","","","","",2,2,1,1,1
"310",3404,"NG7",34,1,43,2,1,6,2,3,4,3,8,"A","B","","","","","","","I","","",9,2,1,1,1
"311",3405,"NG7",34,2,44,1,1,6,1,3,2,3,3,"A","B","","","","","","H","","","",8,2,2,1,1
"312",3407,"NG7",34,1,51,1,1,7,2,3,3,3,3,"A","B","","","","","","","","","",2,1,1,1,1
"313",3408,"NG7",34,1,33,1,1,1,2,3,4,3,3,"A","B","","","","","","","","","",2,2,1,2,NA
"314",3409,"NG7",34,1,33,1,1,2,2,3,5,3,3,"A","B","","","","","","","","","",2,2,1,2,NA
"315",3501,"NG7",35,1,34,2,6,0,2,3,3,2,96,"A","B","","","","","","","","X","",96,1,1,2,NA
"316",3502,"NG7",35,2,31,2,6,0,2,3,4,2,96,"A","B","","","","","","","","X","",96,2,1,2,NA
"317",3503,"NG7",35,2,35,2,4,1,2,3,4,3,2,"A","B","","","","","","H","","","",8,2,1,1,1
"318",3504,"NG7",35,2,35,1,1,2,2,3,5,3,2,"A","B","","","","","","H","","","",8,2,1,1,1
"319",3505,"NG7",35,2,36,1,1,5,2,3,3,3,2,"A","B","","","","","","H","","","",8,2,1,2,NA
"320",3506,"NG7",35,1,26,2,6,0,2,3,3,3,2,"A","B","","","","","","H","","","",8,2,1,2,NA
"321",3507,"NG7",35,2,43,1,1,4,2,3,4,2,10,"A","B","C","","","","","","","","",3,1,1,1,1
"322",3508,"NG7",35,2,47,1,1,8,2,3,4,3,2,"A","B","","","","","","H","","","",2,1,1,2,NA
"323",3509,"NG7",35,2,39,1,1,3,1,3,4,2,96,"A","B","","","","","","","","X","",96,2,1,2,NA
"324",3601,"NG7",36,2,34,2,6,0,2,3,4,3,96,"","B","","","","","","","","","",96,2,2,2,NA
"325",3603,"NG7",36,2,36,2,4,0,1,3,4,3,96,"A","B","","","","","","","","X","",2,2,1,2,NA
"326",3604,"NG7",36,2,32,2,1,1,2,3,4,3,2,"","B","","","","","","H","","","",2,2,1,2,NA
"327",3605,"NG7",36,2,43,1,1,4,2,3,4,3,96,"A","B","","","","","","","","X","",96,2,1,2,NA
"328",3606,"NG7",36,1,41,2,1,0,2,3,4,3,8,"A","B","","","","","","","I","","",9,1,1,2,NA
"329",3607,"NG7",36,2,39,1,1,4,2,3,4,3,8,"A","B","","","","","","H","I","","",9,2,1,1,2
"330",3608,"NG7",36,1,47,1,1,6,2,3,4,3,96,"A","B","","","","","","","I","X","",96,2,1,1,1
"331",3609,"NG7",36,2,49,1,1,9,1,3,6,3,2,"A","B","","","","","","H","","","",8,2,2,2,NA
"332",3610,"NG7",36,1,34,1,1,4,2,3,7,3,8,"A","B","","","","","","","I","","",9,2,1,1,2
"333",3701,"NG7",37,1,28,2,6,0,2,3,3,3,3,"A","B","","","","","","","","","",2,2,1,2,NA
"334",3704,"NG7",37,1,38,2,4,3,2,3,3,3,3,"A","B","","","","","","","","","",2,1,1,1,2
"335",3705,"NG7",37,2,34,1,1,3,2,3,4,3,3,"A","B","","","","","","","","","",2,1,1,2,NA
"336",3706,"NG7",37,1,35,1,1,2,1,3,4,3,96,"A","B","","","","","","H","","","",2,1,1,1,1
"337",3707,"NG7",37,1,31,2,1,1,2,3,4,3,3,"A","B","","","","","","","","","",2,2,1,2,NA
"338",3709,"NG7",15,1,25,1,6,0,2,3,4,3,96,"A","B","","","","","","","","X","",96,2,1,1,1
"339",3710,"NG7",37,2,41,1,1,9,2,3,2,3,3,"A","B","","","","","","","","","",2,2,1,1,2
"340",3711,"NG7",37,3,49,2,1,5,1,3,4,3,3,"A","B","","","","","","","","","",2,2,2,2,NA
"341",3703,"NG7",37,1,30,2,3,2,2,3,4,3,3,"A","B","","","","","","","","","",2,2,1,2,NA
"342",3406,"NG7",34,2,35,2,1,2,2,3,4,3,3,"A","B","","","","","","H","","","",2,2,1,1,1
